title,author,genre,ageRange,series,number,pov,timePeriod,place,protagonist.name,protagonist.lifeStage,protagonist.gender,protagonist.disability,protagonist.lgbtq,protagonist.ethnicity,protagonist.occupation,pocPresence,lgbtqPresence,type,culture,magic,races,creatures,crime,mood,pairing,subgenre,tropes,loveInterest.name,loveInterest.lifeStage,loveInterest.gender,loveInterest.disability,loveInterest.lgbtq,loveInterest.ethnicity,loveInterest.occupation,spice
Rivers of London,Ben Aaronovitch,FANTASY,ADULT,Rivers of London,1,FIRST,MODERN,CITY,Peter Grant,ADULT,MALE,N,STRAIGHT,MIXED RACE,POLICE,Y,N,LOW,EUROPEAN,Y,NONE,NONE,,,,,,,,,,,,,
Moon Over Soho,Ben Aaronovitch,FANTASY,ADULT,Rivers of London,2,FIRST,MODERN,CITY,Peter Grant,ADULT,MALE,N,STRAIGHT,MIXED RACE,POLICE,Y,N,LOW,EUROPEAN,Y,NONE,NONE,,,,,,,,,,,,,
Whispers Under Ground,Ben Aaronovitch,FANTASY,ADULT,Rivers of London,3,FIRST,MODERN,CITY,Peter Grant,ADULT,MALE,N,STRAIGHT,MIXED RACE,POLICE,Y,N,LOW,EUROPEAN,Y,NONE,NONE,,,,,,,,,,,,,
Broken Homes,Ben Aaronovitch,FANTASY,ADULT,Rivers of London,4,FIRST,MODERN,CITY,Peter Grant,ADULT,MALE,N,STRAIGHT,MIXED RACE,POLICE,Y,N,LOW,EUROPEAN,Y,NONE,NONE,,,,,,,,,,,,,
Foxglove Summer,Ben Aaronovitch,FANTASY,ADULT,Rivers of London,5,FIRST,MODERN,CITY,Peter Grant,ADULT,MALE,N,STRAIGHT,MIXED RACE,POLICE,Y,N,LOW,EUROPEAN,Y,NONE,NONE,,,,,,,,,,,,,
The Stardust Thief,Chelsea Abdullah,FANTASY,ADULT,The Sandsea Trilogy,1,THIRD MULTIPLE,MEDIEVAL,MULTIPLE,Loulie Al-Nazari,YOUNG ADULT,FEMALE,N,STRAIGHT,MIDDLE EASTERN,TRADE,Y,N,HIGH,MIDDLE EASTERN,Y,NONE,DJINN; IFRIT,,,,,,,,,,,,,
The Hazel Wood,Melissa Albert,FANTASY,YA,The Hazel Wood,1,FIRST,MODERN,MULTIPLE,Alice,TEEN,FEMALE,N,STRAIGHT,WHITE,STUDENT,Y,Y,LOW,EUROPEAN,N,NONE,NONE,,,,,,,,,,,,,
The Night Country,Melissa Albert,FANTASY,YA,The Hazel Wood,2,MIXED,MODERN,MULTIPLE,Alice,TEEN,FEMALE,N,STRAIGHT,WHITE,HOSPITALITY,Y,Y,LOW,EUROPEAN,Y,NONE,NONE,,,,,,,,,,,,,
The Bear and the Nightingale,Katherine Arden,FANTASY,ADULT,The Winternight Trilogy,1,THIRD MULTIPLE,MEDIEVAL,COUNTRY,Vasya,TEEN,FEMALE,N,STRAIGHT,WHITE,CHILD,N,N,LOW,SLAVIC,Y,NONE,DEMON,,,,,,,,,,,,,
The Girl in the Tower,Katherine Arden,FANTASY,ADULT,The Winternight Trilogy,2,THIRD MULTIPLE,MEDIEVAL,MULTIPLE,Vasya,TEEN,FEMALE,N,STRAIGHT,WHITE,CHILD,N,N,LOW,SLAVIC,Y,NONE,DEMON,,,,,,,,,,,,,
The Winter of the Witch,Katherine Arden,FANTASY,ADULT,The Winternight Trilogy,3,THIRD MULTIPLE,MEDIEVAL,MULTIPLE,Vasya,TEEN,FEMALE,N,STRAIGHT,WHITE,CHILD,N,N,LOW,SLAVIC,Y,NONE,DEMON,,,,,,,,,,,,,
A Shadow in the Ember,Jennifer L Armentrout,FANTASY,NA,Flesh and Fire,1,FIRST,FANTASY,CITY,Seraphena Mierel,YOUNG ADULT,FEMALE,N,STRAIGHT,WHITE,ROYAL,N,N,HIGH,EUROPEAN,Y,GODS,DRAGON; UNDEAD,,,,,,,,,,,,,
A Light in the Flame,Jennifer L Armentrout,FANTASY,NA,Flesh and Fire,2,FIRST,FANTASY,MULTIPLE,Seraphena Mierel,YOUNG ADULT,FEMALE,N,STRAIGHT,WHITE,ROYAL,N,N,HIGH,EUROPEAN,Y,GODS,DRAGON; UNDEAD,,,,,,,,,,,,,
A Fire in the Flesh,Jennifer L Armentrout,FANTASY,NA,Flesh and Fire,3,FIRST,FANTASY,CITY,Seraphena Mierel,YOUNG ADULT,FEMALE,N,STRAIGHT,WHITE,ROYAL,N,N,HIGH,EUROPEAN,Y,GODS; MERFOLK,DRAGON; UNDEAD,,,,,,,,,,,,,
From Blood and Ash,Jennifer L Armentrout,FANTASY,NA,Blood and Ash,1,FIRST,FANTASY,MULTIPLE,Poppy Balfour,YOUNG ADULT,FEMALE,N,STRAIGHT,WHITE,ROYAL,N,N,HIGH,EUROPEAN,Y,GODS; WEREWOLVES; VAMPIRES,UNDEAD,,,,,,,,,,,,,
A Kingdom of Flesh and Fire,Jennifer L Armentrout,FANTASY,NA,Blood and Ash,2,FIRST,FANTASY,MULTIPLE,Poppy Balfour,YOUNG ADULT,FEMALE,N,STRAIGHT,WHITE,ROYAL,N,N,HIGH,EUROPEAN,Y,GODS; WEREWOLVES; VAMPIRES,UNDEAD,,,,,,,,,,,,,
The Crown of Gilded Bones,Jennifer L Armentrout,FANTASY,NA,Blood and Ash,3,FIRST,FANTASY,MULTIPLE,Poppy Balfour,YOUNG ADULT,FEMALE,N,STRAIGHT,WHITE,ROYAL,N,N,HIGH,EUROPEAN,Y,GODS; WEREWOLVES; VAMPIRES; SHAPESHIFTERS,UNDEAD,,,,,,,,,,,,,
A War of Two Queens,Jennifer L Armentrout,FANTASY,NA,Blood and Ash,4,FIRST MULTIPLE,FANTASY,MULTIPLE,Poppy Balfour,YOUNG ADULT,FEMALE,N,STRAIGHT,WHITE,ROYAL,N,N,HIGH,EUROPEAN,Y,GODS; WEREWOLVES; VAMPIRES; SHAPESHIFTERS,UNDEAD,,,,,,,,,,,,,
A Soul of Ash and Blood,Jennifer L Armentrout,FANTASY,NA,Blood and Ash,5,FIRST MULTIPLE,FANTASY,MULTIPLE,Casteel Da'Neer,IMMORTAL,MALE,N,STRAIGHT,WHITE,ROYAL,N,N,HIGH,EUROPEAN,Y,GODS; WEREWOLVES; VAMPIRES; SHAPESHIFTERS,UNDEAD,,,,,,,,,,,,,
Fall of Ruin and Wrath,Jennifer L Armentrout,FANTASY,NA,Awakening,1,FIRST,FANTASY,CITY,Calista,YOUNG ADULT,FEMALE,N,STRAIGHT,WHITE,SERVANT,N,N,HIGH,EUROPEAN,Y,DEMIGODS,NONE,,,,,,,,,,,,,
Ninth House,Leigh Bardugo,FANTASY,NA,Alex Stern,1,THIRD MULTIPLE,MODERN,SCHOOL/COLLEGE,Alex Stern,YOUNG ADULT,FEMALE,N,STRAIGHT,WHITE,STUDENT,N,N,LOW,EUROPEAN,Y,NONE,NONE,,,,,,,,,,,,,
Hell Bent,Leigh Bardugo,FANTASY,NA,Alex Stern,2,THIRD MULTIPLE,MODERN,SCHOOL/COLLEGE,Alex Stern,YOUNG ADULT,FEMALE,N,STRAIGHT,WHITE,STUDENT,N,N,LOW,EUROPEAN,Y,NONE,DEMON,,,,,,,,,,,,,
The Cruel Prince,Holly Black,FANTASY,NA,The Folk of the Air,1,FIRST,MODERN,COURT,Jude,YOUNG ADULT,FEMALE,N,STRAIGHT,WHITE,STUDENT,N,N,LOW,EUROPEAN,Y,FAE,NONE,,,,,,,,,,,,,
The Queen of Nothing,Holly Black,FANTASY,NA,The Folk of the Air,2,FIRST,MODERN,COURT,Jude,YOUNG ADULT,FEMALE,N,STRAIGHT,WHITE,STUDENT,N,N,LOW,EUROPEAN,Y,FAE,NONE,,,,,,,,,,,,,
The Wicked King,Holly Black,FANTASY,NA,The Folk of the Air,3,FIRST,MODERN,COURT,Jude,YOUNG ADULT,FEMALE,N,STRAIGHT,WHITE,ROYAL,N,N,LOW,EUROPEAN,Y,HUMANS; FAE; MERFOLK,NONE,,,,,,,,,,,,,
Book of Night,Holly Black,FANTASY,ADULT,Book of Night,1,THIRD,MODERN,CITY,Charlie Hall,ADULT,FEMALE,N,STRAIGHT,WHITE,HOSPITALITY,N,N,LOW,EUROPEAN,Y,NONE,NONE,,,,,,,,,,,,,
A Promise of Fire,Amanda Bouchet,FANTASY,NA,Kingmaker Chronicles,1,FIRST,FANTASY,MULTIPLE,Cat Fisa,YOUNG ADULT,FEMALE,N,STRAIGHT,WHITE,ROYAL,N,N,HIGH,EUROPEAN,Y,NONE,DRAGON; CENTAUR,,,,,,,,,,,,,
Breath of Fire,Amanda Bouchet,FANTASY,NA,Kingmaker Chronicles,2,FIRST,FANTASY,MULTIPLE,Cat Fisa,YOUNG ADULT,FEMALE,N,STRAIGHT,WHITE,ROYAL,N,N,HIGH,EUROPEAN,Y,GODS,DRAGON; CENTAUR,,,,,,,,,,,,,
Heart on Fire,Amanda Bouchet,FANTASY,NA,Kingmaker Chronicles,3,FIRST,FANTASY,MULTIPLE,Cat Fisa,YOUNG ADULT,FEMALE,N,STRAIGHT,WHITE,ROYAL,N,N,HIGH,EUROPEAN,Y,GODS,DRAGON; CENTAUR,,,,,,,,,,,,,
A Curse of Queens,Amanda Bouchet,FANTASY,NA,Kingmaker Chronicles,4,THIRD MULTIPLE,FANTASY,MULTIPLE,Jocasta,YOUNG ADULT,FEMALE,N,STRAIGHT,WHITE,ROYAL,N,N,HIGH,EUROPEAN,Y,GODS,DRAGON; CENTAUR; MINOTAUR,,,,,,,,,,,,,
The Serpent and the Wings of Night,Carissa Broadbent,FANTASY,NA,Crowns of Nyaxia,1,FIRST,FANTASY,CITY,Oraya,YOUNG ADULT,FEMALE,N,STRAIGHT,WHITE,ROYAL,N,N,HIGH,EUROPEAN,Y,GODS; VAMPIRES,NONE,,,,,,,,,,,,,
The Ashes and the Star-Cursed King,Carissa Broadbent,FANTASY,NA,Crowns of Nyaxia,2,FIRST,FANTASY,CITY,Oraya,YOUNG ADULT,FEMALE,N,STRAIGHT,WHITE,ROYAL,N,N,HIGH,EUROPEAN,Y,GODS; VAMPIRES,NONE,,,,,,,,,,,,,
The Mask of Mirrors,M A Carrick,FANTASY,ADULT,Rook & Rose,1,THIRD MULTIPLE,FANTASY,CITY,Ren,YOUNG ADULT,FEMALE,N,STRAIGHT,MIXED RACE,SOCIALITE,Y,Y,HIGH,EUROPEAN,Y,NONE,NONE,,,,,,,,,,,,,
The Liar's Knot,M A Carrick,FANTASY,ADULT,Rook & Rose,2,THIRD MULTIPLE,FANTASY,CITY,Ren,YOUNG ADULT,FEMALE,N,STRAIGHT,MIXED RACE,SOCIALITE,Y,Y,HIGH,EUROPEAN,Y,NONE,NONE,,,,,,,,,,,,,
Labyrinth's Heart,M A Carrick,FANTASY,ADULT,Rook & Rose,3,THIRD MULTIPLE,FANTASY,CITY,Ren,YOUNG ADULT,FEMALE,N,STRAIGHT,MIXED RACE,SOCIALITE,Y,Y,HIGH,EUROPEAN,Y,NONE,NONE,,,,,,,,,,,,,
Graceling,Kristin Cashore,FANTASY,YA,Graceling Realm,1,THIRD,FANTASY,MULTIPLE,Katsa,TEEN,FEMALE,N,STRAIGHT,WHITE,COVERT,N,N,HIGH,EUROPEAN,N,NONE,NONE,,,,,,,,,,,,,
Fire,Kristin Cashore,FANTASY,YA,Graceling Realm,2,THIRD,FANTASY,MULTIPLE,Fire,TEEN,FEMALE,N,BISEXUAL,BLACK,NOBLE,Y,N,HIGH,EUROPEAN,N,NONE,NONE,,,,,,,,,,,,,
Bitterblue,Kristin Cashore,FANTASY,YA,Graceling Realm,3,THIRD,FANTASY,COURT,Bitterblue,YOUNG ADULT,FEMALE,N,STRAIGHT,WHITE,ROYAL,N,Y,HIGH,EUROPEAN,N,NONE,NONE,,,,,,,,,,,,,
The City of Brass,S A Chakraborty,FANTASY,ADULT,The Daevabad Trilogy,1,THIRD MULTIPLE,MEDIEVAL,MULTIPLE,Nahri,YOUNG ADULT,FEMALE,N,STRAIGHT,MIDDLE EASTERN,MAGE,Y,Y,HIGH,MIDDLE EASTERN,Y,NONE,DJINN; IFRIT,,,,,,,,,,,,,
The Kingdom of Copper,S A Chakraborty,FANTASY,ADULT,The Daevabad Trilogy,2,THIRD MULTIPLE,MEDIEVAL,MULTIPLE,Nahri,YOUNG ADULT,FEMALE,N,STRAIGHT,MIDDLE EASTERN,MAGE,Y,Y,HIGH,MIDDLE EASTERN,Y,NONE,DJINN; IFRIT,,,,,,,,,,,,,
The Empire of Gold,S A Chakraborty,FANTASY,ADULT,The Daevabad Trilogy,3,THIRD MULTIPLE,MEDIEVAL,MULTIPLE,Nahri,YOUNG ADULT,FEMALE,N,STRAIGHT,MIDDLE EASTERN,MAGE,Y,Y,HIGH,MIDDLE EASTERN,Y,NONE,DJINN; IFRIT,,,,,,,,,,,,,
The Adventures of Amina Al-Sirafi,S A Chakraborty,FANTASY,ADULT,Amina Al-Sirafi,1,THIRD,MEDIEVAL,MULTIPLE,Amina Al-Sirafi,MIDDLE AGED,FEMALE,N,STRAIGHT,MIDDLE EASTERN,PIRATE,Y,Y,LOW,MIDDLE EASTERN,Y,NONE,DEMON,,,,,,,,,,,,,
The Final Strife,Saara El-Arifi,FANTASY,ADULT,The Ending Fire,1,THIRD MULTIPLE,FANTASY,CITY,Anoor,YOUNG ADULT,FEMALE,N,BISEXUAL,MIDDLE EASTERN,COVERT,Y,Y,HIGH,MIDDLE EASTERN,Y,NONE,NONE,,,,,,,,,,,,,
The Battle Drum,Saara El-Arifi,FANTASY,ADULT,The Ending Fire,2,THIRD MULTIPLE,FANTASY,MULTIPLE,Anoor,YOUNG ADULT,FEMALE,N,BISEXUAL,MIDDLE EASTERN,COVERT,Y,Y,HIGH,MIDDLE EASTERN,Y,NONE,NONE,,,,,,,,,,,,,
Emily Wilde's Encyclopaedia of Faeries,Heather Fawcett,FANTASY,ADULT,Emily Wilde,1,FIRST MULTIPLE,20TH CENTURY,VILLAGE,Emily Wilde,ADULT,FEMALE,N,STRAIGHT,WHITE,ACADEMIC,N,N,LOW,EUROPEAN,N,FAE,NONE,,,,,,,,,,,,,
A Discovery of Witches,Deborah Harkness,FANTASY,ADULT,All Souls,1,MIXED,MODERN,SCHOOL/COLLEGE,Diana Bishop,ADULT,FEMALE,N,STRAIGHT,WHITE,ACADEMIC,N,N,LOW,EUROPEAN,Y,WITCHES; VAMPIRES,NONE,,,,,,,,,,,,,
Shadow of Night,Deborah Harkness,FANTASY,ADULT,All Souls,2,MIXED,MULTIPLE,MULTIPLE,Diana Bishop,ADULT,FEMALE,N,STRAIGHT,WHITE,ACADEMIC,N,N,LOW,EUROPEAN,Y,WITCHES; VAMPIRES,NONE,,,,,,,,,,,,,
The Book of Life,Deborah Harkness,FANTASY,ADULT,All Souls,3,MIXED,MODERN,MULTIPLE,Diana Bishop,ADULT,FEMALE,N,STRAIGHT,WHITE,ACADEMIC,N,N,LOW,EUROPEAN,Y,WITCHES; VAMPIRES,NONE,,,,,,,,,,,,,
A Court of Thorns and Roses,Sarah J Maas,FANTASY,NA,A Court of Thorns and Roses,1,FIRST,FANTASY,MULTIPLE,Feyre Archeron,YOUNG ADULT,FEMALE,N,STRAIGHT,WHITE,HUNTER,N,N,HIGH,EUROPEAN,Y,FAE,NONE,,,,,,,,,,,,,
A Court of Mist and Fury,Sarah J Maas,FANTASY,NA,A Court of Thorns and Roses,2,FIRST,FANTASY,MULTIPLE,Feyre Archeron,YOUNG ADULT,FEMALE,N,STRAIGHT,WHITE,HUNTER,N,N,HIGH,EUROPEAN,Y,FAE,NONE,,,,,,,,,,,,,
A Court of Wings and Ruin,Sarah J Maas,FANTASY,NA,A Court of Thorns and Roses,3,FIRST,FANTASY,MULTIPLE,Feyre Archeron,YOUNG ADULT,FEMALE,N,STRAIGHT,WHITE,ROYAL,N,N,HIGH,EUROPEAN,Y,FAE,NONE,,,,,,,,,,,,,
A Court of Silver Flames,Sarah J Maas,FANTASY,NA,A Court of Thorns and Roses,4,THIRD MULTIPLE,FANTASY,MULTIPLE,Nesta Archeron,YOUNG ADULT,FEMALE,N,STRAIGHT,WHITE,WAR,N,N,HIGH,EUROPEAN,Y,FAE,NONE,,,,,,,,,,,,,
Throne of Glass,Sarah J Maas,FANTASY,YA,Throne of Glass,1,THIRD MULTIPLE,FANTASY,MULTIPLE,Celaena Sardothien,YOUNG ADULT,FEMALE,N,STRAIGHT,WHITE,COVERT,N,N,HIGH,EUROPEAN,N,NONE,NONE,,,,,,,,,,,,,
Crown of Midnight,Sarah J Maas,FANTASY,YA,Throne of Glass,2,THIRD MULTIPLE,FANTASY,MULTIPLE,Celaena Sardothien,YOUNG ADULT,FEMALE,N,STRAIGHT,WHITE,COVERT,N,N,HIGH,EUROPEAN,N,NONE,NONE,,,,,,,,,,,,,
Heir of Fire,Sarah J Maas,FANTASY,YA,Throne of Glass,3,THIRD MULTIPLE,FANTASY,MULTIPLE,Celaena Sardothien,YOUNG ADULT,FEMALE,N,STRAIGHT,WHITE,COVERT,N,Y,HIGH,EUROPEAN,Y,FAE; DEMONS; WITCHES,NONE,,,,,,,,,,,,,
Queen of Shadows,Sarah J Maas,FANTASY,YA,Throne of Glass,4,THIRD MULTIPLE,FANTASY,MULTIPLE,Aelin Ashriver Galathynius,YOUNG ADULT,FEMALE,N,STRAIGHT,WHITE,MAGE,N,N,HIGH,EUROPEAN,Y,FAE; DEMONS; WITCHES,NONE,,,,,,,,,,,,,
Empire of Storms,Sarah J Maas,FANTASY,YA,Throne of Glass,5,THIRD MULTIPLE,FANTASY,MULTIPLE,Aelin Ashriver Galathynius,YOUNG ADULT,FEMALE,N,STRAIGHT,WHITE,ROYAL,N,N,HIGH,EUROPEAN,Y,FAE; DEMONS; WITCHES,NONE,,,,,,,,,,,,,
Tower of Dawn,Sarah J Maas,FANTASY,YA,Throne of Glass,6,THIRD MULTIPLE,FANTASY,MULTIPLE,Chaol Westfall,YOUNG ADULT,MALE,Y,STRAIGHT,WHITE,SOLDIER,Y,Y,HIGH,MIDDLE EASTERN,Y,FAE; DEMONS; WITCHES,NONE,,,,,,,,,,,,,
Kingdom of Ash,Sarah J Maas,FANTASY,YA,Throne of Glass,7,THIRD MULTIPLE,FANTASY,MULTIPLE,Aelin Ashriver Galathynius,YOUNG ADULT,FEMALE,N,STRAIGHT,WHITE,ROYAL,N,N,HIGH,EUROPEAN,Y,FAE; DEMONS; WITCHES,NONE,,,,,,,,,,,,,
House of Earth and Blood,Sarah J Maas,FANTASY,NA,Crescent City,1,THIRD MULTIPLE,FANTASY,CITY,Bryce Quinlan,YOUNG ADULT,FEMALE,N,STRAIGHT,WHITE,RETAIL,N,N,HIGH,EUROPEAN,Y,FAE; ANGELS; WITCHES; MERFOLK,NONE,,,,,,,,,,,,,
House of Sky and Breath,Sarah J Maas,FANTASY,NA,Crescent City,2,THIRD MULTIPLE,FANTASY,CITY,Bryce Quinlan,YOUNG ADULT,FEMALE,N,STRAIGHT,WHITE,RETAIL,N,N,HIGH,EUROPEAN,Y,FAE; ANGELS; WITCHES; MERFOLK,NONE,,,,,,,,,,,,,
Kingdom of the Wicked,Kerri Maniscalco,FANTASY,YA,Kingdom of the Wicked,1,FIRST,19TH CENTURY,CITY,Emilia,YOUNG ADULT,FEMALE,N,STRAIGHT,WHITE,HOSPITALITY,N,N,HIGH,EUROPEAN,Y,DEMONS; WITCHES,NONE,,,,,,,,,,,,,
Kingdom of the Cursed,Kerri Maniscalco,FANTASY,YA,Kingdom of the Wicked,2,FIRST,19TH CENTURY,COURT,Emilia,YOUNG ADULT,NO,N,STRAIGHT,WHITE,HOSPITALITY,N,N,HIGH,EUROPEAN,Y,DEMONS; WITCHES; VAMPIRES,NONE,,,,,,,,,,,,,
Kingdom of the Feared,Kerri Maniscalco,FANTASY,YA,Kingdom of the Wicked,3,FIRST,19TH CENTURY,COURT,Emilia,YOUNG ADULT,FEMALE,N,STRAIGHT,WHITE,HOSPITALITY,N,N,HIGH,EUROPEAN,Y,DEMONS; WITCHES; VAMPIRES,NONE,,,,,,,,,,,,,
Throne of the Fallen,Kerri Maniscalco,FANTASY,ADULT,STANDALONE,0,THIRD MULTIPLE,FANTASY,MULTIPLE,Camilla,ADULT,FEMALE,N,STRAIGHT,WHITE,CREATIVE,N,N,HIGH,EUROPEAN,Y,DEMONS; WITCHES; VAMPIRES,NONE,,,,,,,,,,,,,
A Deadly Education,Naomi Novik,FANTASY,ADULT,The Scholomance,1,FIRST,MODERN,SCHOOL/COLLEGE,Gal,TEEN,FEMALE,N,BISEXUAL,MIXED RACE,STUDENT,Y,N,LOW,EUROPEAN,Y,NONE,NONE,,,,,,,,,,,,,
The Last Graduate,Naomi Novik,FANTASY,ADULT,The Scholomance,2,FIRST,MODERN,SCHOOL/COLLEGE,Gal,TEEN,FEMALE,N,BISEXUAL,MIXED RACE,STUDENT,Y,N,LOW,EUROPEAN,Y,NONE,NONE,,,,,,,,,,,,,
The Golden Enclaves,Naomi Novik,FANTASY,ADULT,The Scholomance,3,FIRST,MODERN,MULTIPLE,Gal,TEEN,FEMALE,N,BISEXUAL,MIXED RACE,STUDENT,Y,N,LOW,EUROPEAN,Y,NONE,NONE,,,,,,,,,,,,,
Spinning Silver,Naomi Novik,FANTASY,ADULT,STANDALONE,0,FIRST MULTIPLE,MEDIEVAL,MULTIPLE,Miriam,YOUNG ADULT,FEMALE,N,STRAIGHT,WHITE,FINANCE,N,N,HIGH,EUROPEAN,Y,FAE; DEMONS,NONE,,,,,,,,,,,,,
Uprooted,Naomi Novik,FANTASY,ADULT,STANDALONE,0,FIRST,MEDIEVAL,MULTIPLE,Agnieszka,TEEN,FEMALE,N,STRAIGHT,WHITE,MAGE,N,N,HIGH,EUROPEAN,Y,WITCHES,NONE,,,,,,,,,,,,,
Little Thieves,Margaret Owen,FANTASY,YA,Little Thieves,1,FIRST,MEDIEVAL,MULTIPLE,Vanya,TEEN,FEMALE,N,STRAIGHT,WHITE,CRIME,N,Y,HIGH,EUROPEAN,Y,GODS; SHAPESHIFTERS,NONE,,,,,,,,,,,,,
Painted Devils,Margaret Owen,FANTASY,YA,Little Thieves,2,FIRST,MEDIEVAL,MULTIPLE,Vanya,TEEN,FEMALE,N,STRAIGHT,WHITE,CRIME,N,Y,HIGH,EUROPEAN,Y,GODS; SHAPESHIFTERS,NONE,,,,,,,,,,,,,
The Merciful Crow,Margaret Owen,FANTASY,YA,The Merciful Crow,1,FIRST,FANTASY,MULTIPLE,Fie,TEEN,FEMALE,N,STRAIGHT,WHITE,TRADE,N,Y,HIGH,EUROPEAN,Y,GODS,NONE,,,,,,,,,,,,,
The Faithless Hawk,Margaret Owen,FANTASY,YA,The Merciful Crow,2,FIRST,FANTASY,MULTIPLE,Fie,TEEN,FEMALE,N,STRAIGHT,WHITE,TRADE,N,Y,HIGH,EUROPEAN,Y,GODS,NONE,,,,,,,,,,,,,
A River Enchanted,Rebecca Ross,FANTASY,ADULT,Elements of Cadence,1,THIRD MULTIPLE,FANTASY,MULTIPLE,Jack,YOUNG ADULT,MALE,N,STRAIGHT,WHITE,CREATIVE,N,N,HIGH,CELTIC,Y,FAE,NONE,,,,,,,,,,,,,
Harry Potter and the Sorcerer's Stone,J K Rowling,FANTASY,MIDDLE GRADE,Harry Potter,1,THIRD,MODERN,SCHOOL/COLLEGE,Harry Potter,CHILD,MALE,N,STRAIGHT,WHITE,STUDENT,N,N,LOW,EUROPEAN,Y,MAGES; GOBLINS; ELVES; MERFOLK,CENTAUR; DRAGON; PHOENIX; GHOST,,,,,,,,,,,,,
Harry Potter and the Chamber of Secrets,J K Rowling,FANTASY,MIDDLE GRADE,Harry Potter,2,THIRD,MODERN,SCHOOL/COLLEGE,Harry Potter,CHILD,MALE,N,STRAIGHT,WHITE,STUDENT,N,N,LOW,EUROPEAN,Y,MAGES; GOBLINS; ELVES; MERFOLK,CENTAUR; PHOENIX; GHOST,,,,,,,,,,,,,
Harry Potter and the Prisoner of Azkaban,J K Rowling,FANTASY,MIDDLE GRADE,Harry Potter,3,THIRD,MODERN,SCHOOL/COLLEGE,Harry Potter,TEEN,MALE,N,STRAIGHT,WHITE,STUDENT,N,N,LOW,EUROPEAN,Y,MAGES; GOBLINS; ELVES; MERFOLK; WEREWOLVES,CENTAUR; GHOST,,,,,,,,,,,,,
Harry Potter and the Goblet of Fire,J K Rowling,FANTASY,MIDDLE GRADE,Harry Potter,4,THIRD,MODERN,SCHOOL/COLLEGE,Harry Potter,TEEN,MALE,N,STRAIGHT,WHITE,STUDENT,N,N,LOW,EUROPEAN,Y,MAGES; GOBLINS; ELVES; MERFOLK,CENTAUR; DRAGON; GHOST,,,,,,,,,,,,,
Harry Potter and the Order of the Phoenix,J K Rowling,FANTASY,MIDDLE GRADE,Harry Potter,5,THIRD,MODERN,SCHOOL/COLLEGE,Harry Potter,TEEN,MALE,N,STRAIGHT,WHITE,STUDENT,N,N,LOW,EUROPEAN,Y,MAGES; GOBLINS; ELVES; MERFOLK,CENTAUR; GHOST,,,,,,,,,,,,,
Harry Potter and the Half-Blood Prince,J K Rowling,FANTASY,MIDDLE GRADE,Harry Potter,6,THIRD,MODERN,SCHOOL/COLLEGE,Harry Potter,TEEN,MALE,N,STRAIGHT,WHITE,STUDENT,N,N,LOW,EUROPEAN,Y,MAGES; GOBLINS; ELVES; MERFOLK,CENTAUR; GHOST,,,,,,,,,,,,,
Harry Potter and the Deathly Hallows,J K Rowling,FANTASY,MIDDLE GRADE,Harry Potter,7,THIRD,MODERN,SCHOOL/COLLEGE,Harry Potter,TEEN,MALE,N,STRAIGHT,WHITE,STUDENT,N,N,LOW,EUROPEAN,Y,MAGES; GOBLINS; ELVES; MERFOLK,CENTAUR; GHOST,,,,,,,,,,,,,
Ariadne,Jennifer Saint,FANTASY,ADULT,STANDALONE,0,FIRST MULTIPLE,ANCIENT,MULTIPLE,Ariadne,MULTIPLE,FEMALE,N,STRAIGHT,WHITE,MULTIPLE,N,N,LOW,EUROPEAN,Y,GODS,MINOTAUR,,,,,,,,,,,,,
Elektra,Jennifer Saint,FANTASY,ADULT,STANDALONE,0,FIRST MULTIPLE,ANCIENT,MULTIPLE,Elektra,MULTIPLE,FEMALE,N,STRAIGHT,WHITE,MULTIPLE,N,N,LOW,EUROPEAN,Y,GODS,NONE,,,,,,,,,,,,,
Atalanta,Jennifer Saint,FANTASY,ADULT,STANDALONE,0,FIRST,ANCIENT,MULTIPLE,Atalanta,MULTIPLE,FEMALE,N,STRAIGHT,WHITE,HUNTER,N,N,LOW,EUROPEAN,Y,GODS,NONE,,,,,,,,,,,,,
A Darker Shade of Magic,V E Schwab,FANTASY,ADULT,Shades of Magic,1,THIRD MULTIPLE,FANTASY,MULTIPLE,Kell,YOUNG ADULT,MALE,N,STRAIGHT,WHITE,MAGE,N,N,HIGH,EUROPEAN,Y,MAGES,NONE,,,,,,,,,,,,,
A Gathering of Shadows,V E Schwab,FANTASY,ADULT,Shades of Magic,2,THIRD MULTIPLE,FANTASY,MULTIPLE,Kell,YOUNG ADULT,MALE,N,STRAIGHT,WHITE,MAGE,Y,N,HIGH,EUROPEAN,Y,DEMONS; MAGES,NONE,,,,,,,,,,,,,
A Conjuring of Light,V E Schwab,FANTASY,ADULT,Shades of Magic,3,THIRD MULTIPLE,FANTASY,MULTIPLE,Kell,YOUNG ADULT,MALE,N,STRAIGHT,WHITE,MAGE,Y,Y,HIGH,EUROPEAN,Y,DEMONS; MAGES,NONE,,,,,,,,,,,,,
Vicious,V E Schwab,FANTASY,ADULT,Villains,1,THIRD MULTIPLE,MODERN,MULTIPLE,Victor Vale,ADULT,MALE,N,STRAIGHT,WHITE,COVERT,N,N,LOW,EUROPEAN,Y,NONE,NONE,,,,,,,,,,,,,
Vengeful,V E Schwab,FANTASY,ADULT,Villains,2,THIRD MULTIPLE,MODERN,MULTIPLE,Victor Vale,ADULT,MALE,N,STRAIGHT,WHITE,COVERT,N,N,LOW,EUROPEAN,Y,NONE,NONE,,,,,,,,,,,,,
The Fragile Threads of Power,V E Schwab,FANTASY,ADULT,Threads of Power,1,THIRD MULTIPLE,FANTASY,CITY,Tes,ADULT,FEMALE,N,STRAIGHT,WHITE,MAGE,N,Y,HIGH,EUROPEAN,Y,MAGES,NONE,,,,,,,,,,,,,
For the Wolf,Hannah Whitten,FANTASY,ADULT,Wilderwood,1,THIRD MULTIPLE,FANTASY,MULTIPLE,Redarys,YOUNG ADULT,FEMALE,N,STRAIGHT,WHITE,ROYAL,N,N,HIGH,EUROPEAN,Y,DEMONS,NONE,,,,,,,,,,,,,
For the Throne,Hannah Whitten,FANTASY,ADULT,Wilderwood,2,THIRD MULTIPLE,FANTASY,MULTIPLE,Neve,YOUNG ADULT,FEMALE,N,STRAIGHT,WHITE,ROYAL,N,N,HIGH,EUROPEAN,Y,DEMONS,NONE,,,,,,,,,,,,,
The Spanish Love Deception,Elena Armas,ROMANCE,ADULT,Spanish Love Deception,1,FIRST,MODERN,MULTIPLE,Catalina,ADULT,FEMALE,N,STRAIGHT,HISPANIC,OFFICE,Y,N,,,,,,,,M/F,ROMCOM,COWORKERS; ENEMIES TO LOVERS; FAKE RELATIONSHIP; PINING,Aaron,ADULT,MALE,N,STRAIGHT,WHITE,OFFICE,4
The American Roommate Experiment,Elena Armas,ROMANCE,ADULT,Spanish Love Deception,2,FIRST MULTIPLE,MODERN,CITY,Rosia,ADULT,FEMALE,N,STRAIGHT,WHITE,BOOKS,Y,N,,,,,,,,M/F,ROMCOM,FORCED PROXIMITY; PINING; SIBLING'S BEST FRIEND,Lucas,ADULT,MALE,Y,STRAIGHT,HISPANIC,ATHLETE,4
The Long Game,Elena Armas,ROMANCE,ADULT,Long Game,1,FIRST MULTIPLE,MODERN,TOWN,Addie Reyes,ADULT,FEMALE,N,STRAIGHT,HISPANIC,CORPORATE,Y,N,,,,,,,,M/F,ROMCOM,FORCED PROXIMITY; SPORTS,Cameron,ADULT,MALE,N,STRAIGHT,WHITE,ATHLETE,4
It Happened One Summer,Tessa Bailey,ROMANCE,ADULT,Bellinger Sisters,1,THIRD MULTIPLE,MODERN,TOWN,Piper Bellinger,ADULT,FEMALE,N,STRAIGHT,WHITE,SOCIALITE,N,N,,,,,,,,M/F,ROMCOM,CLASS DIFFERENCE; GRUMPY/SUNSHINE,Brendan,ADULT,MALE,N,STRAIGHT,WHITE,TRADE,4
Hook Line and Sinker,Tessa Bailey,ROMANCE,ADULT,Bellinger Sisters,2,THIRD MULTIPLE,MODERN,TOWN,Hannah Bellinger,ADULT,FEMALE,N,STRAIGHT,WHITE,CREATIVE,N,N,,,,,,,,M/F,ROMCOM,FORCED PROXIMITY; FRIENDS TO LOVERS,Fox,ADULT,MALE,N,STRAIGHT,WHITE,TRADE,4
Fix Her Up,Tessa Bailey,ROMANCE,ADULT,Hot & Hammered,1,THIRD MULTIPLE,MODERN,TOWN,Georgie Castle,ADULT,FEMALE,N,STRAIGHT,WHITE,SMALL BUSINESS,Y,N,,,,,,,,M/F,ROMCOM,CLASS DIFFERENCE; FORCED PROXIMITY; SIBLING'S BEST FRIEND,Travis,ADULT,MALE,Y,STRAIGHT,WHITE,ATHLETE,4
Love Her or Lose Her,Tessa Bailey,ROMANCE,ADULT,Hot & Hammered,2,THIRD MULTIPLE,MODERN,TOWN,Rosie Vega,ADULT,FEMALE,N,STRAIGHT,HISPANIC,CHEF,Y,N,,,,,,,,M/F,ROMCOM,SECOND CHANCES,Dominic,ADULT,MALE,N,STRAIGHT,HISPANIC,LABOR,4
Tools of Engagement,Tessa Bailey,ROMANCE,ADULT,Hot & Hammered,3,THIRD MULTIPLE,MODERN,TOWN,Bethany Castle,ADULT,FEMALE,N,STRAIGHT,WHITE,SMALL BUSINESS,Y,N,,,,,,,,M/F,ROMCOM,AGE GAP; BOSS/EMPLOYEE,Wes,ADULT,MALE,N,STRAIGHT,WHITE,LABOR,4
Secretly Yours,Tessa Bailey,ROMANCE,ADULT,A Vine Mess,1,THIRD MULTIPLE,MODERN,TOWN,Hallie Welch,ADULT,FEMALE,N,STRAIGHT,WHITE,SMALL BUSINESS,N,N,,,,,,,,M/F,ROMCOM,PINING,Julian,ADULT,MALE,N,STRAIGHT,WHITE,ACADEMIC,4
Unfortunately Yours,Tessa Bailey,ROMANCE,ADULT,A Vine Mess,2,THIRD MULTIPLE,MODERN,TOWN,Natalie Vos,ADULT,FEMALE,N,STRAIGHT,WHITE,SOCIALITE,N,N,,,,,,,,M/F,ROMCOM,CLASS DIFFERENCE; ENEMIES TO LOVERS; MARRIAGE OF CONVENIENCE; PINING,August,ADULT,MALE,N,STRAIGHT,WHITE,SMALL BUSINESS,4
Chase Me,Tessa Bailey,ROMANCE,ADULT,Broke and Beautiful,1,THIRD MULTIPLE,MODERN,CITY,Roxy Cumberland,ADULT,FEMALE,N,STRAIGHT,WHITE,OTHER,N,N,,,,,,,,M/F,ROMCOM,CLASS DIFFERENCE; INSTALOVE,Louis,ADULT,MALE,N,STRAIGHT,WHITE,CORPORATE,4
Need Me,Tessa Bailey,ROMANCE,ADULT,Broke and Beautiful,2,THIRD MULTIPLE,MODERN,CITY,Honey Perribow,YOUNG ADULT,FEMALE,N,STRAIGHT,WHITE,STUDENT,N,N,,,,,,,,M/F,ROMCOM,AGE GAP; BOSS/EMPLOYEE; FORBIDDEN,Ben,ADULT,MALE,N,STRAIGHT,WHITE,ACADEMIC,4
Make Me,Tessa Bailey,ROMANCE,ADULT,Broke and Beautiful,3,THIRD MULTIPLE,MODERN,CITY,Abby Sullivan,ADULT,FEMALE,N,STRAIGHT,WHITE,CORPORATE,N,N,,,,,,,,M/F,ROMCOM,CLASS DIFFERENCE; FRIENDS TO LOVERS; PINING,Russell,ADULT,MALE,N,STRAIGHT,WHITE,LABOR,4
The Undertaking of Hart and Mercy,Megan Bannen,ROMANCE,ADULT,The Undertaking of Hart and Mercy,1,THIRD MULTIPLE,FANTASY,CITY,Mercy,ADULT,FEMALE,N,BISEXUAL,WHITE,SMALL BUSINESS,N,Y,,,,,,,,M/F,FANTASY,ENEMIES TO LOVERS,Hart Ralston,ADULT,MALE,N,STRAIGHT,WHITE,POLICE,3
Delilah Green Doesn't Care,Ashley Herring Blake,ROMANCE,ADULT,Bright Falls,1,THIRD MULTIPLE,MODERN,TOWN,Delilah Green,ADULT,FEMALE,N,LESBIAN,WHITE,CREATIVE,N,Y,,,,,,,,F/F,ROMCOM,ENEMIES TO LOVERS; FORCED PROXIMITY; GRUMPY/SUNSHINE; SIBLING'S BEST FRIEND,Claire,ADULT,FEMALE,N,BISEXUAL,WHITE,SMALL BUSINESS,4
Astrid Parker Doesn't Fail,Ashley Herring Blake,ROMANCE,ADULT,Bright Falls,2,THIRD MULTIPLE,MODERN,TOWN,Astrid Parker,ADULT,FEMALE,N,BISEXUAL,WHITE,SMALL BUSINESS,N,Y,,,,,,,,F/F,ROMCOM,COWORKERS; ENEMIES TO LOVERS; SECRET RELATIONSHIP,Jordan,ADULT,FEMALE,N,LESBIAN,WHITE,SMALL BUSINESS,4
Iris Kelly Doesn't Date,Ashley Herring Blake,ROMANCE,ADULT,Bright Falls,3,THIRD MULTIPLE,MODERN,TOWN,Iris Kelly,ADULT,FEMALE,N,BISEXUAL,WHITE,BOOKS,N,Y,,,,,,,,F/F,ROMCOM,FAKE RELATIONSHIP,Stevie,ADULT,FEMALE,N,LESBIAN,WHITE,CREATIVE,4
Lovelight Farms,B.K. Borison,ROMANCE,ADULT,Lovelight,1,FIRST,MODERN,TOWN,Stella Bloom,ADULT,FEMALE,N,STRAIGHT,WHITE,SMALL BUSINESS,N,N,,,,,,,,M/F,ROMCOM,FAKE RELATIONSHIP; PINING; FRIENDS TO LOVERS,Luka Peters,ADULT,MALE,N,STRAIGHT,WHITE,OFFICE,3
In The Weeds,B.K. Borison,ROMANCE,ADULT,Lovelight,2,FIRST MULTIPLE,MODERN,TOWN,Evelyn St. James,ADULT,FEMALE,N,STRAIGHT,INDIAN,CELEBRITY,Y,N,,,,,,,,M/F,ROMCOM,CLASS DIFFERENCE; SECOND CHANCES; FORCED PROXIMITY,Beckett Porter,ADULT,MALE,N,STRAIGHT,WHITE,LABOR,3
Mixed Signals,B.K. Borison,ROMANCE,ADULT,Lovelight,3,FIRST MULTIPLE,MODERN,TOWN,Layla Dupree,ADULT,FEMALE,N,STRAIGHT,WHITE,SMALL BUSINESS,Y,N,,,,,,,,M/F,ROMCOM,PINING; FRIENDS TO LOVERS,Caleb Alvarez,ADULT,MALE,N,STRAIGHT,HISPANIC,EDUCATION,3
The Boy Next Door,Meg Cabot,ROMANCE,ADULT,Boy,1,MIXED,MODERN,CITY,Mel Fuller,ADULT,FEMALE,N,STRAIGHT,WHITE,JOURNALIST,N,N,,,,,,,,M/F,ROMCOM,CLASS DIFFERENCE; FORCED PROXIMITY,John,ADULT,MALE,N,STRAIGHT,WHITE,JOURNALIST,2
Boy Meets Girl,Meg Cabot,ROMANCE,ADULT,Boy,2,MIXED,MODERN,CITY,Kate McKenzie,ADULT,FEMALE,N,STRAIGHT,WHITE,OFFICE,N,N,,,,,,,,M/F,ROMCOM,ENEMIES TO LOVERS; FORCED PROXIMITY; INSTALOVE,Mitch,ADULT,MALE,N,STRAIGHT,WHITE,LAW,2
Every Boy's Got One,Meg Cabot,ROMANCE,ADULT,Boy,3,MIXED,MODERN,COUNTRY,Jane Harris,ADULT,FEMALE,N,STRAIGHT,WHITE,CREATIVE,N,N,,,,,,,,M/F,ROMCOM,ENEMIES TO LOVERS; FORCED PROXIMITY; GRUMPY/SUNSHINE,Cal,ADULT,MALE,N,STRAIGHT,WHITE,JOURNALIST,2
The Boy is Back,Meg Cabot,ROMANCE,ADULT,Boy,4,MIXED,MODERN,TOWN,Becky Flowers,ADULT,FEMALE,N,STRAIGHT,WHITE,SMALL BUSINESS,N,N,,,,,,,,M/F,ROMCOM,FORCED PROXIMITY; PINING; SECOND CHANCES,Reed,ADULT,MALE,N,STRAIGHT,WHITE,ATHLETE,2
Insatiable,Meg Cabot,ROMANCE,ADULT,Insatiable,1,THIRD MULTIPLE,MODERN,CITY,Meena Harper,ADULT,FEMALE,N,STRAIGHT,WHITE,CREATIVE,N,N,,,,,,,,M/F,PARANORMAL,AGE GAP; CLASS DIFFERENCE; FORBIDDEN; INSTALOVE,Lucien,IMMORTAL,MALE,N,STRAIGHT,WHITE,ACADEMIC,2
Overbite,Meg Cabot,ROMANCE,ADULT,Insatiable,2,THIRD MULTIPLE,MODERN,MULTIPLE,Meena Harper,ADULT,FEMALE,N,STRAIGHT,WHITE,COVERT,N,N,,,,,,,,M/F,PARANORMAL,AGE GAP; CLASS DIFFERENCE; FORBIDDEN; INSTALOVE,Lucien,IMMORTAL,MALE,N,STRAIGHT,WHITE,ACADEMIC,2
In A Jam,Kate Canterbary,ROMANCE,ADULT,STANDALONE,0,FIRST MULTIPLE,MODERN,TOWN,Shay Zucconi,ADULT,FEMALE,N,STRAIGHT,WHITE,EDUCATION,N,N,,,,,,,,M/F,ROMCOM,MARRIAGE OF CONVENIENCE; PINING; SECOND CHANCES; SECRET RELATIONSHIP,Noah,ADULT,MALE,N,STRAIGHT,WHITE,SMALL BUSINESS,4
The Bodyguard,Katherine Center,ROMANCE,ADULT,STANDALONE,0,FIRST,MODERN,TOWN,Hannah Brooks,ADULT,FEMALE,N,STRAIGHT,WHITE,POLICE,N,N,,,,,,,,M/F,ROMCOM,BOSS/EMPLOYEE; FAKE RELATIONSHIP; FORCED PROXIMITY,Jack,ADULT,MALE,N,STRAIGHT,WHITE,CELEBRITY,2
Things You Save in a Fire,Katherine Center,ROMANCE,ADULT,STANDALONE,0,FIRST,MODERN,CITY,Cassie Hanwell,ADULT,FEMALE,N,STRAIGHT,WHITE,PUBLIC SERVICE,N,N,,,,,,,,M/F,CONTEMPORARY,COWORKERS; FORBIDDEN; FRIENDS TO LOVERS,Owen,ADULT,MALE,N,STRAIGHT,WHITE,PUBLIC SERVICE,2
What You Wish For,Katherine Center,ROMANCE,ADULT,STANDALONE,0,FIRST,MODERN,SCHOOL/COLLEGE,Samantha Casey,ADULT,FEMALE,N,STRAIGHT,WHITE,EDUCATION,N,N,,,,,,,,M/F,CONTEMPORARY,BOSS/EMPLOYEE; COWORKERS; ENEMIES TO LOVERS; GRUMPY/SUNSHINE; PINING,Duncan,ADULT,MALE,N,STRAIGHT,WHITE,EDUCATION,2
How to Walk Away,Katherine Center,ROMANCE,ADULT,STANDALONE,0,FIRST,MODERN,TOWN,Margaret Jacobsen,ADULT,FEMALE,Y,STRAIGHT,WHITE,CORPORATE,N,N,,,,,,,,M/F,CONTEMPORARY,ENEMIES TO LOVERS; FORBIDDEN; FORCED PROXIMITY; GRUMPY/SUNSHINE,Ian,ADULT,MALE,N,STRAIGHT,WHITE,HEALTHCARE,2
Happiness for Beginners,Katherine Center,ROMANCE,ADULT,STANDALONE,0,FIRST,MODERN,MULTIPLE,Helen Carpenter,ADULT,FEMALE,N,STRAIGHT,WHITE,EDUCATION,N,N,,,,,,,,M/F,CONTEMPORARY,AGE GAP; FORCED PROXIMITY; PINING; SIBLING'S BEST FRIEND,Jake,YOUNG ADULT,MALE,Y,STRAIGHT,WHITE,OTHER,2
Kiss the Girl,Zoraida Cordova,ROMANCE,ADULT,Meant to Be,3,THIRD MULTIPLE,MODERN,MULTIPLE,Ariel del Mar,YOUNG ADULT,FEMALE,N,STRAIGHT,HISPANIC,CELEBRITY,Y,Y,,,,,,,,M/F,ROMCOM,CLASS DIFFERENCE; COWORKERS; FRIENDS TO LOVERS,Eric,ADULT,MALE,N,STRAIGHT,HISPANIC,CREATIVE,2
Spoiler Alert,Olivia Dade,ROMANCE,ADULT,Spoiler Alert,1,THIRD MULTIPLE,MODERN,MULTIPLE,April,ADULT,FEMALE,N,STRAIGHT,WHITE,SCIENCE,N,N,,,,,,,,M/F,ROMCOM,CLASS DIFFERENCE; FORBIDDEN; FRIENDS TO LOVERS,Marcus Caster-Rupp,ADULT,MALE,N,STRAIGHT,WHITE,CELEBRITY,4
All the Feels,Olivia Dade,ROMANCE,ADULT,Spoiler Alert,2,THIRD MULTIPLE,MODERN,MULTIPLE,Lauren,ADULT,FEMALE,N,STRAIGHT,WHITE,HEALTHCARE,N,N,,,,,,,,M/F,ROMCOM,ENEMIES TO LOVERS; FORCED PROXIMITY; CLASS DIFFERENCE; GRUMPY/SUNSHINE; FORBIDDEN,Alex Woodroe,ADULT,MALE,N,STRAIGHT,WHITE,CELEBRITY,4
Ship Wrecked,Olivia Dade,ROMANCE,ADULT,Spoiler Alert,3,THIRD MULTIPLE,MODERN,MULTIPLE,Maria Ivarsson,ADULT,FEMALE,N,STRAIGHT,WHITE,CELEBRITY,N,N,,,,,,,,M/F,ROMCOM,COWORKERS; PINING; FORCED PROXIMITY; FRIENDS TO LOVERS; SECRET RELATIONSHIP,Peter,ADULT,MALE,NO,STRAIGHT,WHITE,CELEBRITY,4
Teach Me,Olivia Dade,ROMANCE,ADULT,There's Something About Marysburg,1,THIRD MULTIPLE,MODERN,SCHOOL/COLLEGE,Rose Owens,ADULT,FEMALE,N,STRAIGHT,WHITE,EDUCATION,N,N,,,,,,,,M/F,ROMCOM,COWORKERS; ENEMIES TO LOVERS; SECRET RELATIONSHIP,Martin,MIDDLE AGED,MALE,NO,STRAIGHT,WHITE,EDUCATION,4
A Brush with Love,Mazey Eddings,ROMANCE,ADULT,A Brush With Love,1,THIRD MULTIPLE,MODERN,SCHOOL/COLLEGE,Harper,YOUNG ADULT,FEMALE,N,STRAIGHT,WHITE,STUDENT,N,N,,,,,,,,M/F,ROMCOM,COWORKERS; FRIENDS TO LOVERS,Dan,YOUNG ADULT,MALE,NO,STRAIGHT,WHITE,STUDENT,3
Lizzie Blake's Best Mistake,Mazey Eddings,ROMANCE,ADULT,A Brush With Love,2,THIRD MULTIPLE,MODERN,CITY,Lizzie Blake,YOUNG ADULT,FEMALE,Y,STRAIGHT,WHITE,IDLE,N,N,,,,,,,,M/F,ROMCOM,FORCED PROXIMITY; FWB,Rake,YOUNG ADULT,MALE,NO,STRAIGHT,WHITE,CORPORATE,3
The Plus One,Mazey Eddings,ROMANCE,ADULT,A Brush With Love,3,THIRD MULTIPLE,MODERN,CITY,Indira,YOUNG ADULT,FEMALE,N,STRAIGHT,WHITE,HEALTHCARE,N,N,,,,,,,,M/F,ROMCOM,FAKE RELATIONSHIP; ENEMIES TO LOVERS; FORCED PROXIMITY; SIBLING'S BEST FRIEND,Jude,YOUNG ADULT,MALE,Y,STRAIGHT,WHITE,SOLDIER,3
Icebreaker,Hannah Grace,ROMANCE,NA,Maple Hills,1,FIRST MULTIPLE,MODERN,CITY,Stassi Allen,YOUNG ADULT,FEMALE,N,STRAIGHT,WHITE,ATHLETE,N,N,,,,,,,,M/F,ROMCOM,ENEMIES TO LOVERS; FORCED PROXIMITY; SPORTS; CLASS DIFFERENCE; FWB,Nate,YOUNG ADULT,MALE,N,STRAIGHT,WHITE,ATHLETE,4
Wildfire,Hannah Grace,ROMANCE,NA,Maple Hills,2,FIRST MULTIPLE,MODERN,CITY,Aurora,YOUNG ADULT,FEMALE,N,STRAIGHT,WHITE,STUDENT,N,N,,,,,,,,M/F,ROMCOM,COWORKERS; FRIENDS TO LOVERS; INSTALOVE; FORBIDDEN; SECRET RELATIONSHIP; FWB,Russ Callaghan,YOUNG ADULT,MALE,N,STRAIGHT,WHITE,ATHLETE,4
By the Book,Jasmine Guillory,ROMANCE,ADULT,Meant to Be,2,THIRD MULTIPLE,MODERN,CITY,Isabelle,YOUNG ADULT,FEMALE,N,STRAIGHT,BLACK,BOOKS,Y,N,,,,,,,,M/F,ROMCOM,FORCED PROXIMITY; GRUMPY/SUNSHINE,Beau,YOUNG ADULT,MALE,N,STRAIGHT,BLACK,CELEBRITY,2
The Wedding Date,Jasmine Guillory,ROMANCE,ADULT,The Wedding Date,1,THIRD MULTIPLE,MODERN,CITY,Alexa Monroe,YOUNG ADULT,FEMALE,N,STRAIGHT,BLACK,PUBLIC SERVICE,Y,N,,,,,,,,M/F,ROMCOM,FAKE RELATIONSHIP; FORCED PROXIMITY; FWB,Drew,YOUNG ADULT,MALE,N,STRAIGHT,WHITE,HEALTHCARE,3
The Proposal,Jasmine Guillory,ROMANCE,ADULT,The Wedding Date,2,THIRD MULTIPLE,MODERN,CITY,Nikole Paterson,YOUNG ADULT,FEMALE,N,STRAIGHT,BLACK,JOURNALIST,Y,N,,,,,,,,M/F,ROMCOM,FRIENDS TO LOVERS; FWB,Carlos,YOUNG ADULT,MALE,N,STRAIGHT,HISPANIC,HEALTHCARE,3
The Wedding Party,Jasmine Guillory,ROMANCE,ADULT,The Wedding Date,3,THIRD MULTIPLE,MODERN,CITY,Maddie Forest,YOUNG ADULT,FEMALE,N,STRAIGHT,BLACK,SMALL BUSINESS,Y,N,,,,,,,,M/F,ROMCOM,ENEMIES TO LOVERS; FORCED PROXIMITY; SECRET RELATIONSHIP; FWB,Theo,YOUNG ADULT,MALE,N,STRAIGHT,BLACK,PUBLIC SERVICE,3
Royal Holiday,Jasmine Guillory,ROMANCE,ADULT,The Wedding Date,4,THIRD MULTIPLE,MODERN,CITY,Vivian Forest,ADULT,FEMALE,N,STRAIGHT,BLACK,HEALTHCARE,Y,N,,,,,,,,M/F,ROMCOM,FORCED PROXIMITY; SECRET RELATIONSHIP,Malcolm,ADULT,MALE,N,STRAIGHT,BLACK,PUBLIC SERVICE,3
Love Theoretically,Ali Hazelwood,ROMANCE,ADULT,STANDALONE,0,FIRST,MODERN,CITY,Elsie Hannaway,YOUNG ADULT,FEMALE,N,STRAIGHT,WHITE,ACADEMIC,N,N,,,,,,,,M/F,ROMCOM,ENEMIES TO LOVERS; PINING; CLASS DIFFERENCE,Jack,ADULT,MALE,N,STRAIGHT,WHITE,ACADEMIC,4
Love on the Brain,Ali Hazelwood,ROMANCE,ADULT,STANDALONE,0,FIRST,MODERN,CITY,Bee Konigswasser,YOUNG ADULT,FEMALE,N,STRAIGHT,WHITE,SCIENCE,N,N,,,,,,,,M/F,ROMCOM,COWORKERS; ENEMIES TO LOVERS; PINING; BOSS/EMPLOYEE; FWB,Levi,ADULT,MALE,N,STRAIGHT,WHITE,SCIENCE,4
The Love Hypothesis,Ali Hazelwood,ROMANCE,ADULT,STANDALONE,0,THIRD,MODERN,SCHOOL/COLLEGE,Olive Smith,YOUNG ADULT,FEMALE,N,STRAIGHT,WHITE,ACADEMIC,N,Y,,,,,,,,M/F,ROMCOM,FAKE RELATIONSHIP; ENEMIES TO LOVERS; PINING; FORCED PROXIMITY; GRUMPY/SUNSHINE; BOSS/EMPLOYEE; AGE GAP,Adam,ADULT,MALE,N,STRAIGHT,WHITE,ACADEMIC,4
Check & Mate,Ali Hazelwood,ROMANCE,YA,STANDALONE,0,FIRST,MODERN,MULTIPLE,Mallory Greenleaf,TEEN,FEMALE,N,BISEXUAL,WHITE,OTHER,N,Y,,,,,,,,M/F,ROMCOM,COWORKERS; ENEMIES TO LOVERS; FORCED PROXIMITY; AGE GAP; SECRET RELATIONSHIP,Nolan,YOUNG ADULT,MALE,N,STRAIGHT,WHITE,OTHER,2
People We Meet on Vacation,Emily Henry,ROMANCE,ADULT,STANDALONE,0,FIRST,MODERN,MULTIPLE,Poppy,ADULT,FEMALE,N,STRAIGHT,WHITE,JOURNALIST,N,N,,,,,,,,M/F,ROMCOM,PINING; GRUMPY/SUNSHINE; FRIENDS TO LOVERS,Alex,ADULT,MALE,N,STRAIGHT,WHITE,EDUCATION,4
Book Lovers,Emily Henry,ROMANCE,ADULT,STANDALONE,0,FIRST,MODERN,TOWN,Nora,ADULT,FEMALE,N,STRAIGHT,WHITE,BOOKS,N,N,,,,,,,,M/F,ROMCOM,ENEMIES TO LOVERS; FORCED PROXIMITY; SECRET RELATIONSHIP; FWB,Charlie,ADULT,MALE,N,STRAIGHT,WHITE,BOOKS,4
Beach Read,Emily Henry,ROMANCE,ADULT,STANDALONE,0,FIRST,MODERN,TOWN,January Andrews,ADULT,FEMALE,N,STRAIGHT,WHITE,BOOKS,N,N,,,,,,,,M/F,ROMCOM,ENEMIES TO LOVERS; PINING; FORCED PROXIMITY; GRUMPY/SUNSHINE; FWB,Augustus,ADULT,MALE,N,STRAIGHT,WHITE,BOOKS,4
The Kiss Quotient,Helen Hoang,ROMANCE,ADULT,The Kiss Quotient,1,THIRD MULTIPLE,MODERN,CITy,Stella Lane,ADULT,FEMALE,Y,STRAIGHT,ASIAN,OFFICE,Y,N,,,,,,,,M/F,ROMCOM,CLASS DIFFERENCE; FWB,Michael,ADULT,MALE,N,STRAIGHT,ASIAN,OTHER,4
The Bride Test,Helen Hoang,ROMANCE,ADULT,The Kiss Quotient,2,THIRD MULTIPLE,MODERN,CITY,Esme,YOUNG ADULT,FEMALE,N,STRAIGHT,ASIAN,IDLE,Y,N,,,,,,,,M/F,ROMCOM,FORCED PROXIMITY; GRUMPY/SUNSHINE; MARRIAGE OF CONVENIENCE,Khai Diep,ADULT,MALE,Y,STRAIGHT,ASIAN,OTHER,3
The Heart Principle,Helen Hoang,ROMANCE,ADULT,The Kiss Quotient,3,THIRD MULTIPLE,MODERN,CITY,Anna Sun,ADULT,FEMALE,Y,STRAIGHT,ASIAN,CREATIVE,Y,N,,,,,,,,M/F,ROMCOM,SPORTS; CLASS DIFFERENCE; GRUMPY/SUNSHINE; SECRET RELATIONSHIP; FWB,Quan,ADULT,MALE,N,STRAIGHT,ASIAN,CORPORATE,3
Part of Your World,Abby Jimenez,ROMANCE,ADULT,Part of Your World,1,FIRST MULTIPLE,MODERN,MULTIPLE,Alexis Montgomery,ADULT,FEMALE,N,STRAIGHT,WHITE,HEALTHCARE,N,N,,,,,,,,M/F,ROMCOM,CLASS DIFFERENCE; AGE GAP; FORBIDDEN; INSTALOVE; SECRET RELATIONSHIP; FWB,Dan,YOUNG ADULT,MALE,N,STRAIGHT,WHITE,HOSPITALITY,3
Yours Truly,Abby Jimenez,ROMANCE,ADULT,Part of Your World,2,FIRST MULTIPLE,MODERN,MULTIPLE,Brianna Ortiz,ADULT,FEMALE,N,STRAIGHT,HISPANIC,HEALTHCARE,Y,N,,,,,,,,M/F,ROMCOM,COWORKERS; FAKE RELATIONSHIP,Jacob,ADULT,MALE,Y,STRAIGHT,WHITE,HEALTHCARE,4
Twilight,Stephenie Meyer,ROMANCE,YA,The Twilight Saga,1,FIRST,MODERN,TOWN,Bella Swan,TEEN,FEMALE,N,STRAIGHT,WHITE,STUDENT,N,N,,,,,,,,M/F,PARANORMAL,COWORKERS; AGE GAP; INSTALOVE; FORBIDDEN,Edward,IMMORTAL,MALE,N,STRAIGHT,WHITE,STUDENT,1
New Moon,Stephenie Meyer,ROMANCE,YA,The Twilight Saga,2,FIRST,MODERN,TOWN,Bella Swan,TEEN,FEMALE,N,STRAIGHT,WHITE,STUDENT,N,N,,,,,,,,M/F,PARANORMAL,COWORKERS; AGE GAP; INSTALOVE; FORBIDDEN; LOVE TRIANGLE,Edward,IMMORTAL,MALE,N,STRAIGHT,WHITE,STUDENT,1
Eclipse,Stephenie Meyer,ROMANCE,YA,The Twilight Saga,3,FIRST,MODERN,TOWN,Bella Swan,TEEN,FEMALE,N,STRAIGHT,WHITE,STUDENT,N,N,,,,,,,,M/F,PARANORMAL,COWORKERS; AGE GAP; INSTALOVE; FORBIDDEN,Edward,IMMORTAL,MALE,N,STRAIGHT,WHITE,STUDENT,1
Breaking Dawn,Stephenie Meyer,ROMANCE,YA,The Twilight Saga,4,FIRST,MODERN,TOWN,Bella Swan,TEEN,FEMALE,N,STRAIGHT,WHITE,STUDENT,N,N,,,,,,,,M/F,PARANORMAL,COWORKERS; AGE GAP; INSTALOVE; FORBIDDEN,Edward,IMMORTAL,MALE,N,STRAIGHT,WHITE,STUDENT,2
The Book Proposal,K J Micciche,ROMANCE,ADULT,STANDALONE,0,FIRST MULTIPLE,MODERN,CITY,Gracie Landing,ADULT,FEMALE,N,STRAIGHT,WHITE,BOOKS,N,N,,,,,,,,M/F,ROMCOM,ENEMIES TO LOVERS; PINING,Colin,ADULT,MALE,N,STRAIGHT,WHITE,LAW,3
Nora Goes Off Script,Annabel Monaghan,ROMANCE,ADULT,STANDALONE,0,FIRST,MODERN,TOWN,Nora Hamilton,ADULT,FEMALE,N,STRAIGHT,WHITE,CREATIVE,N,N,,,,,,,,M/F,ROMCOM,ENEMIES TO LOVERS; FORCED PROXIMITY; GRUMPY/SUNSHINE; FORBIDDEN,Leo,ADULT,MALE,N,STRAIGHT,WHITE,CELEBRITY,3
If the Shoe Fits,Julie Murphy,ROMANCE,ADULT,Meant to Be,1,THIRD,MODERN,MULTIPLE,Cindy,YOUNG ADULT,FEMALE,N,STRAIGHT,WHITE,CREATIVE,N,N,,,,,,,,M/F,ROMCOM,FORCED PROXIMITY; FRIENDS TO LOVERS; INSTALOVE; FORBIDDEN; LOVE TRIANGLE; SECRET RELATIONSHIP,X,ADULT,MALE,N,STRAIGHT,WHITE,CORPORATE,2
The Flatshare,Beth O'Leary,ROMANCE,ADULT,STANDALONE,0,FIRST MULTIPLE,MODERN,CITY,Tiffy Moore,ADULT,FEMALE,N,STRAIGHT,WHITE,BOOKS,N,N,,,,,,,,M/F,ROMCOM,FORCED PROXIMITY; GRUMPY/SUNSHINE; FRIENDS TO LOVERS,Leon,ADULT,MALE,N,STRAIGHT,WHITE,HEALTHCARE,2
The Wake-Up Call,Beth O'Leary,ROMANCE,ADULT,STANDALONE,0,FIRST MULTIPLE,MODERN,TOWN,Izzy,ADULT,FEMALE,N,STRAIGHT,WHITE,HOSPITALITY,Y,N,,,,,,,,M/F,ROMCOM,COWORKERS; ENEMIES TO LOVERS; PINING; FORCED PROXIMITY; GRUMPY/SUNSHINE; SECRET RELATIONSHIP; FWB,Lucas,ADULT,MALE,N,STRAIGHT,HISPANIC,HOSPITALITY,2
The Road Trip,Beth O'Leary,ROMANCE,ADULT,STANDALONE,0,FIRST MULTIPLE,MODERN,MULTIPLE,Addie,YOUNG ADULT,FEMALE,N,STRAIGHT,WHITE,EDUCATION,N,N,,,,,,,,M/F,ROMCOM,FORCED PROXIMITY; SECOND CHANCES,Dylan,ADULT,MALE,N,STRAIGHT,WHITE,CREATIVE,3
The Duke and I,Jula Quinn,ROMANCE,ADULT,Bridgertons,1,THIRD MULTIPLE,19TH CENTURY,CITY,Daphne Bridgerton,YOUNG ADULT,FEMALE,N,STRAIGHT,WHITE,SOCIALITE,N,N,,,,,,,,M/F,HISTORICAL,FAKE RELATIONSHIP; SIBLING'S BEST FRIEND; FRIENDS TO LOVERS; ARRANGED MARRIAGE,Simon,ADULT,MALE,N,STRAIGHT,WHITE,NOBILITY,4
The Viscount Who Loved Me,Jula Quinn,ROMANCE,ADULT,Bridgertons,2,THIRD MULTIPLE,19TH CENTURY,CITY,Kate,YOUNG ADULT,FEMALE,N,STRAIGHT,WHITE,SOCIALITE,N,N,,,,,,,,M/F,HISTORICAL,ENEMIES TO LOVERS; FORCED PROXIMITY; CLASS DIFFERENCE; ARRANGED MARRIAGE; INSTALOVE; LOVE TRIANGLE,Anthony Bridgerton,ADULT,MALE,N,STRAIGHT,WHITE,NOBILITY,4
An Offer From a Gentleman,Jula Quinn,ROMANCE,ADULT,Bridgertons,3,THIRD MULTIPLE,19TH CENTURY,CITY,Sophie Beckett,YOUNG ADULT,FEMALE,N,STRAIGHT,WHITE,SERVANT,N,N,,,,,,,,M/F,HISTORICAL,PINING; FORCED PROXIMITY; CLASS DIFFERENCE; BOSS/EMPLOYEE; INSTALOVE; FORBIDDEN; SECRET RELATIONSHIP,Benedict,YOUNG ADULT,MALE,N,STRAIGHT,WHITE,SOCIALITE,4
Romancing Mister Bridgerton,Jula Quinn,ROMANCE,ADULT,Bridgertons,4,THIRD MULTIPLE,19TH CENTURY,CITY,Penelope Featherington,YOUNG ADULT,FEMALE,N,STRAIGHT,WHITE,SOCIALITE,N,N,,,,,,,,M/F,HISTORICAL,PINING; SIBLING'S BEST FRIEND; FRIENDS TO LOVERS,Colin,YOUNG ADULT,MALE,N,STRAIGHT,WHITE,SOCIALITE,4
To Sir Phillip With Love,Jula Quinn,ROMANCE,ADULT,Bridgertons,5,THIRD MULTIPLE,19TH CENTURY,CITY,Eloise,YOUNG ADULT,FEMALE,N,STRAIGHT,WHITE,SOCIALITE,N,N,,,,,,,,M/F,HISTORICAL,FORCED PROXIMITY; GRUMPY/SUNSHINE; AGE GAP; MARRIAGE OF CONVENIENCE,Phillip Crane,ADULT,MALE,N,STRAIGHT,WHITE,NOBILITY,4
When He Was Wicked,Jula Quinn,ROMANCE,ADULT,Bridgertons,6,THIRD MULTIPLE,19TH CENTURY,CITY,Francesca,YOUNG ADULT,FEMALE,N,STRAIGHT,WHITE,SOCIALITE,N,N,,,,,,,,M/F,HISTORICAL,PINING; FORCED PROXIMITY; SIBLING'S BEST FRIEND; FRIENDS TO LOVERS; FORBIDDEN,Michael Stirling,YOUNG ADULT,MALE,N,STRAIGHT,WHITE,NOBILITY,4
It's In His Kiss,Jula Quinn,ROMANCE,ADULT,Bridgertons,7,THIRD MULTIPLE,19TH CENTURY,CITY,Hyacinth,YOUNG ADULT,FEMALE,N,STRAIGHT,WHITE,SOCIALITE,N,N,,,,,,,,M/F,HISTORICAL,FORCED PROXIMITY; FRIENDS TO LOVERS,Gareth St. Clair,YOUNG ADULT,MALE,N,STRAIGHT,WHITE,NOBILITY,4
Things We Never Got Over,Lucy Score,ROMANCE,ADULT,Knockemout,1,FIRST MULTIPLE,MODERN,TOWN,Naomi,ADULT,FEMALE,N,STRAIGHT,WHITE,IDLE,N,N,,,,,,,,M/F,ROMCOM,FAKE RELATIONSHIP; ENEMIES TO LOVERS; LOVE TRIANGLE; FWB,Knox,ADULT,MALE,N,STRAIGHT,WHITE,SMALL BUSINESS,4
Things We Hide From the Light,Lucy Score,ROMANCE,ADULT,Knockemout,2,FIRST MULTIPLE,MODERN,TOWN,Lina,ADULT,FEMALE,Y,STRAIGHT,WHITE,COVERT,N,N,,,,,,,,M/F,ROMCOM,FORCED PROXIMITY; SIBLING'S BEST FRIEND; FRIENDS TO LOVERS; SECRET RELATIONSHIP; FWB,Nash,ADULT,MALE,Y,STRAIGHT,WHITE,POLICE,4
Things We Left Behind,Lucy Score,ROMANCE,ADULT,Knockemout,3,FIRST MULTIPLE,MODERN,TOWN,Sloane,ADULT,FEMALE,N,STRAIGHT,WHITE,EDUCATION,N,N,,,,,,,,M/F,ROMCOM,ENEMIES TO LOVERS; PINING; CLASS DIFFERENCE; GRUMPY/SUNSHINE; SECOND CHANCES; SECRET RELATIONSHIP; FWB,Lucian,ADULT,MALE,N,STRAIGHT,WHITE,CORPORATE,4
Forever Never,Lucy Score,ROMANCE,ADULT,STANDALONE,0,THIRD MULTIPLE,MODERN,TOWN,Remy,YOUNG ADULT,FEMALE,Y,STRAIGHT,WHITE,CREATIVE,N,N,,,,,,,,M/F,ROMCOM,PINING; FORCED PROXIMITY; GRUMPY/SUNSHINE; FRIENDS TO LOVERS; AGE GAP; FWB,Brick Callan,ADULT,MALE,N,STRAIGHT,WHITE,POLICE,4
Rock Bottom Girl,Lucy Score,ROMANCE,ADULT,STANDALONE,0,FIRST MULTIPLE,MODERN,TOWN,Marley,MIDDLE AGED,FEMALE,N,STRAIGHT,WHITE,EDUCATION,N,N,,,,,,,,M/F,ROMCOM,COWORKERS; SPORTS; FRIENDS TO LOVERS; FWB,Jake,ADULT,MALE,N,STRAIGHT,WHITE,EDUCATION,4
Mr. Fixer Upper,Lucy Score,ROMANCE,ADULT,Fixer,1,THIRD MULTIPLE,MODERN,MULTIPLE,Paige St. James,ADULT,FEMALE,N,STRAIGHT,WHITE,TELEVISION,N,N,,,,,,,,M/F,ROMCOM,COWORKERS; CLASS DIFFERENCE; GRUMPY/SUNSHINE; ENEMIES TO LOVERS; SECRET RELATIONSHIP; PINING,Gannon,ADULT,MALE,N,STRAIGHT,WHITE,TRADE,4
The Christmas Fix,Lucy Score,ROMANCE,ADULT,Fixer,2,THIRD MULTIPLE,MODERN,TOWN,Cat King,ADULT,FEMALE,N,STRAIGHT,WHITE,TELEVISION,N,N,,,,,,,,M/F,ROMCOM,ENEMIES TO LOVERS; FORCED PROXIMITY; GRUMPY/SUNSHINE; SECRET RELATIONSHIP; FWB,Noah,ADULT,MALE,N,STRAIGHT,WHITE,PUBLIC SERVICE,4
Raiders of the Lost Heart,Jo Segura,ROMANCE,ADULT,STANDALONE,0,THIRD MULTIPLE,MODERN,MULTIPLE,Corrie Mejia,ADULT,FEMALE,N,STRAIGHT,HISPANIC,SCIENCE,Y,N,,,,,,,,M/F,ROMCOM,ENEMIES TO LOVERS; COWORKERS; FORCED PROXIMITY; GRUMPY/SUNSHINE; SECRET RELATIONSHIP,Ford,ADULT,MALE,N,STRAIGHT,WHITE,SCIENCE,3
The Ex Talk,Rachel Lynn Solomon,ROMANCE,ADULT,STANDALONE,0,FIRST,MODERN,CITY,Shay Goldstein,ADULT,FEMALE,N,STRAIGHT,WHITE,OTHER,Y,N,,,,,,,,M/F,ROMCOM,COWORKERS; FAKE RELATIONSHIP; ENEMIES TO LOVERS; SECRET RELATIONSHIP,Dominic,YOUNG ADULT,MALE,N,STRAIGHT,ASIAN,OTHER,3
Business or Pleasure,Rachel Lynn Solomon,ROMANCE,ADULT,STANDALONE,0,FIRST,MODERN,MULTIPLE,Chandler Cohen,ADULT,FEMALE,N,STRAIGHT,WHITE,BOOKS,N,N,,,,,,,,M/F,ROMCOM,COWORKERS; SECRET RELATIONSHIP; FWB,Finn,ADULT,MALE,N,STRAIGHT,WHITE,CELEBRITY,4
The Hating Game,Sally Thorne,ROMANCE,ADULT,STANDALONE,0,FIRST,MODERN,CITY,Lucy Hutton,ADULT,FEMALE,N,STRAIGHT,WHITE,OFFICE,N,N,,,,,,,,M/F,ROMCOM,COWORKERS; ENEMIES TO LOVERS; PINING; FWB,Josh,ADULT,MALE,N,STRAIGHT,WHITE,OFFICE,3
Second First Impressions,Sally Thorne,ROMANCE,ADULT,STANDALONE,0,FIRST,MODERN,TOWN,Ruthie Midona,ADULT,FEMALE,N,STRAIGHT,WHITE,OFFICE,N,N,,,,,,,,M/F,ROMCOM,FORCED PROXIMITY; GRUMPY/SUNSHINE; FRIENDS TO LOVERS; FORBIDDEN,Teddy,ADULT,MALE,N,STRAIGHT,WHITE,IDLE,3
How to Fake It in Hollywood,Ava Wilder,ROMANCE,ADULT,STANDALONE,0,THIRD MULTIPLE,MODERN,CITY,Grey Brooks,ADULT,FEMALE,N,STRAIGHT,WHITE,CELEBRITY,N,Y,,,,,,,,M/F,ROMCOM,AGE GAP; FAKE RELATIONSHIP; ENEMIES TO LOVERS; FWB; PINING,Ethan,ADULT,MALE,N,STRAIGHT,WHITE,CELEBRITY,3
Will They or Won't They,Ava Wilder,ROMANCE,ADULT,STANDALONE,0,THIRD MULTIPLE,MODERN,MULTIPLE,Lilah Hunter,ADULT,FEMALE,N,STRAIGHT,WHITE,CELEBRITY,N,N,,,,,,,,M/F,ROMCOM,COWORKERS; ENEMIES TO LOVERS; PINING; SECOND CHANCES; INSTALOVE; SECRET RELATIONSHIP,Shane,ADULT,MALE,N,STRAIGHT,WHITE,CELEBRITY,4
Case Histories,Kate Atkinson,MYSTERY,ADULT,Jackson Brodie,1,THIRD MULTIPLE,MODERN,MULTIPLE,Jackson Brodie,ADULT,MALE,N,STRAIGHT,WHITE,COVERT,N,N,,,,,,MURDER,COZY,,,,,,,,,,,
One Good Turn,Kate Atkinson,MYSTERY,ADULT,Jackson Brodie,2,THIRD MULTIPLE,MODERN,MULTIPLE,Jackson Brodie,ADULT,MALE,N,STRAIGHT,WHITE,COVERT,N,N,,,,,,MURDER,COZY,,,,,,,,,,,
When Will There Be Good News,Kate Atkinson,MYSTERY,ADULT,Jackson Brodie,3,THIRD MULTIPLE,MODERN,MULTIPLE,Jackson Brodie,ADULT,MALE,N,STRAIGHT,WHITE,COVERT,N,N,,,,,,MURDER,COZY,,,,,,,,,,,
Started Early Took My Dog,Kate Atkinson,MYSTERY,ADULT,Jackson Brodie,4,THIRD MULTIPLE,MODERN,MULTIPLE,Jackson Brodie,ADULT,MALE,N,STRAIGHT,WHITE,COVERT,N,N,,,,,,MURDER,COZY,,,,,,,,,,,
Size 12 Is Not Fat,Meg Cabot,MYSTERY,ADULT,Heather Wells,1,FIRST,MODERN,SCHOOL/COLLEGE,Heather Wells,ADULT,FEMALE,N,STRAIGHT,WHITE,OFFICE,N,N,,,,,,MURDER,FUNNY,,,,,,,,,,,
Size 14 Is Not Fat Either,Meg Cabot,MYSTERY,ADULT,Heather Wells,2,FIRST,MODERN,SCHOOL/COLLEGE,Heather Wells,ADULT,FEMALE,N,STRAIGHT,WHITE,OFFICE,N,N,,,,,,MURDER,FUNNY,,,,,,,,,,,
Big Boned,Meg Cabot,MYSTERY,ADULT,Heather Wells,3,FIRST,MODERN,SCHOOL/COLLEGE,Heather Wells,ADULT,FEMALE,N,STRAIGHT,WHITE,OFFICE,N,N,,,,,,MURDER,FUNNY,,,,,,,,,,,
Size 12 and Ready to Rock,Meg Cabot,MYSTERY,ADULT,Heather Wells,4,FIRST,MODERN,SCHOOL/COLLEGE,Heather Wells,ADULT,FEMALE,N,STRAIGHT,WHITE,OFFICE,N,N,,,,,,MURDER,FUNNY,,,,,,,,,,,
The Bride Wore Size 12,Meg Cabot,MYSTERY,ADULT,Heather Wells,5,FIRST,MODERN,SCHOOL/COLLEGE,Heather Wells,ADULT,FEMALE,N,STRAIGHT,WHITE,OFFICE,N,N,,,,,,MURDER,FUNNY,,,,,,,,,,,
The Mysterious Affair at Styles,Agatha Christie,MYSTERY,ADULT,Hercule Poirot,1,THIRD,20TH CENTURY,COUNTRY,Hercule Poirot,OLD ADULT,MALE,N,STRAIGHT,WHITE,POLICE,N,N,,,,,,MURDER,COZY,,,,,,,,,,,